Workbook

Sheet Prospects
A1: Entreprise | B1: Contact | C1: Email | D1: Téléphone | E1: Ville | F1: Site actuel | G1: Besoin | H1: Statut | I1: Dernier contact | J1: Relance le | K1: Montant devis (€) | L1: Notes
A2: Boulangerie Martin | B2: Julie Martin | C2: contact@exemple-boulangerie.fr | E2: Lyon | F2: Aucun | G2: Site vitrine | H2: À contacter | J2: =IF(I2="","",I2+7) | K2: 1200 | L2: Exemple à supprimer
A3: Garage Dupont | B3: Marc Dupont | C3: marc@exemple-garage.fr | E3: Lyon | F3: Ancien site | G3: Refonte + SEO | H3: Devis envoyé | I3: 46305 | J3: =IF(I3="","",I3+7) | K3: 2400 | L3: Exemple à supprimer
J4: =IF(I4="","",I4+7)
J5: =IF(I5="","",I5+7)
J6: =IF(I6="","",I6+7)
J7: =IF(I7="","",I7+7)
J8: =IF(I8="","",I8+7)
J9: =IF(I9="","",I9+7)
J10: =IF(I10="","",I10+7)
J11: =IF(I11="","",I11+7)
J12: =IF(I12="","",I12+7)
J13: =IF(I13="","",I13+7)
J14: =IF(I14="","",I14+7)
J15: =IF(I15="","",I15+7)
... J201: =IF(I201="","",I201+7)

Sheet Synthèse
A1: Synthèse du pipeline
A2: Statut | B2: Nombre | C2: Montant
A3: À contacter | B3: =COUNTIF(Prospects!H:H,A3) | C3: =SUMIF(Prospects!H:H,A3,Prospects!K:K)
A4: Contacté | B4: =COUNTIF(Prospects!H:H,A4) | C4: =SUMIF(Prospects!H:H,A4,Prospects!K:K)
A5: Rendez-vous | B5: =COUNTIF(Prospects!H:H,A5) | C5: =SUMIF(Prospects!H:H,A5,Prospects!K:K)
A6: Devis envoyé | B6: =COUNTIF(Prospects!H:H,A6) | C6: =SUMIF(Prospects!H:H,A6,Prospects!K:K)
A7: Gagné | B7: =COUNTIF(Prospects!H:H,A7) | C7: =SUMIF(Prospects!H:H,A7,Prospects!K:K)
A8: Perdu | B8: =COUNTIF(Prospects!H:H,A8) | C8: =SUMIF(Prospects!H:H,A8,Prospects!K:K)
A10: Taux de transformation | B10: =IFERROR(B7/(B7+B8),0)
